schema_version,sequence,scenario,source,event_timestamp_ns,elapsed_ns,device_id,device_product,vendor_id,product_id,usage_page,usage,report_id,hid_value,hid_logical_min,hid_logical_max,line_delta_y,line_delta_x,fixed_delta_y,fixed_delta_x,point_delta_y,point_delta_x,raw_delta_y,raw_delta_x,accelerated_delta_y,accelerated_delta_x,is_continuous,scroll_phase,momentum_phase,scroll_count
1,1,ratchet-single-down-clean,hid,12096743804166,0,4319413456,MX Master 3 Mac,1133,45091,12,568,2,0,-127,127,,,,,,,,,,,,,,
1,2,ratchet-single-down-clean,hid,13143949892791,0,4319413456,MX Master 3 Mac,1133,45091,1,56,2,0,-127,127,,,,,,,,,,,,,,
1,3,ratchet-single-down-clean,hid,12096743804166,0,4319413456,MX Master 3 Mac,1133,45091,12,568,2,0,-127,127,,,,,,,,,,,,,,
1,4,ratchet-single-down-clean,hid,13143949892791,0,4319413456,MX Master 3 Mac,1133,45091,1,56,2,0,-127,127,,,,,,,,,,,,,,
1,5,ratchet-single-down-clean,hid,12096743804166,0,4319413456,MX Master 3 Mac,1133,45091,12,568,2,0,-127,127,,,,,,,,,,,,,,
1,6,ratchet-single-down-clean,hid,13143949892791,0,4319413456,MX Master 3 Mac,1133,45091,1,56,2,0,-127,127,,,,,,,,,,,,,,
1,7,ratchet-single-down-clean,hid,12096743804166,0,4319413456,MX Master 3 Mac,1133,45091,12,568,2,0,-127,127,,,,,,,,,,,,,,
1,8,ratchet-single-down-clean,hid,13143949892791,0,4319413456,MX Master 3 Mac,1133,45091,1,56,2,0,-127,127,,,,,,,,,,,,,,
1,9,ratchet-single-down-clean,hid,12096743804166,0,4319413456,MX Master 3 Mac,1133,45091,12,568,2,0,-127,127,,,,,,,,,,,,,,
1,10,ratchet-single-down-clean,hid,13143949892791,0,4319413456,MX Master 3 Mac,1133,45091,1,56,2,0,-127,127,,,,,,,,,,,,,,
1,11,ratchet-single-down-clean,hid,12096743804166,0,4319413456,MX Master 3 Mac,1133,45091,12,568,2,0,-127,127,,,,,,,,,,,,,,
1,12,ratchet-single-down-clean,hid,13143949892791,0,4319413456,MX Master 3 Mac,1133,45091,1,56,2,0,-127,127,,,,,,,,,,,,,,
1,13,ratchet-single-down-clean,hid,12096743804166,0,4319413456,MX Master 3 Mac,1133,45091,12,568,2,0,-127,127,,,,,,,,,,,,,,
1,14,ratchet-single-down-clean,hid,13143949892791,0,4319413456,MX Master 3 Mac,1133,45091,1,56,2,0,-127,127,,,,,,,,,,,,,,
1,15,ratchet-single-down-clean,hid,12096743804166,0,4319413456,MX Master 3 Mac,1133,45091,12,568,2,0,-127,127,,,,,,,,,,,,,,
1,16,ratchet-single-down-clean,hid,13143949892791,0,4319413456,MX Master 3 Mac,1133,45091,1,56,2,0,-127,127,,,,,,,,,,,,,,
1,17,ratchet-single-down-clean,hid,12096743804166,0,4319413456,MX Master 3 Mac,1133,45091,12,568,2,0,-127,127,,,,,,,,,,,,,,
1,18,ratchet-single-down-clean,hid,13242195237541,15610416750,4319413456,MX Master 3 Mac,1133,45091,1,56,2,-2,-127,127,,,,,,,,,,,,,,
1,19,ratchet-single-down-clean,cgevent,317812685701,0,,,,,,,,,,,1,0,0.100006,0.000000,1,0,0,0,0,0,0,0,0,0
1,20,ratchet-single-down-clean,hid,12096743804166,0,4319413456,MX Master 3 Mac,1133,45091,12,568,2,0,-127,127,,,,,,,,,,,,,,
1,21,ratchet-single-down-clean,hid,13242204353250,15619532459,4319413456,MX Master 3 Mac,1133,45091,1,56,2,-2,-127,127,,,,,,,,,,,,,,
1,22,ratchet-single-down-clean,cgevent,317812904478,0,,,,,,,,,,,3,0,3.193619,0.000000,32,0,0,0,0,0,0,0,0,0
1,23,ratchet-single-down-clean,hid,12096743804166,0,4319413456,MX Master 3 Mac,1133,45091,12,568,2,0,-127,127,,,,,,,,,,,,,,
1,24,ratchet-single-down-clean,hid,13242292709916,15707889125,4319413456,MX Master 3 Mac,1133,45091,1,56,2,-2,-127,127,,,,,,,,,,,,,,
1,25,ratchet-single-down-clean,cgevent,317815025038,0,,,,,,,,,,,5,0,5.732895,0.000000,58,0,0,0,0,0,0,0,0,0
1,26,ratchet-single-down-clean,hid,12096743804166,0,4319413456,MX Master 3 Mac,1133,45091,12,568,2,0,-127,127,,,,,,,,,,,,,,
1,27,ratchet-single-down-clean,hid,13242487519666,15902698875,4319413456,MX Master 3 Mac,1133,45091,1,56,2,-2,-127,127,,,,,,,,,,,,,,
1,28,ratchet-single-down-clean,cgevent,317819700472,0,,,,,,,,,,,1,0,0.100006,0.000000,1,0,0,0,0,0,0,0,0,0
1,29,ratchet-single-down-clean,hid,12096743804166,0,4319413456,MX Master 3 Mac,1133,45091,12,568,2,0,-127,127,,,,,,,,,,,,,,
1,30,ratchet-single-down-clean,hid,13242563384916,15978564125,4319413456,MX Master 3 Mac,1133,45091,1,56,2,-2,-127,127,,,,,,,,,,,,,,
1,31,ratchet-single-down-clean,cgevent,317821521238,0,,,,,,,,,,,1,0,0.972946,0.000000,10,0,0,0,0,0,0,0,0,0
1,32,ratchet-single-down-clean,hid,12096743804166,0,4319413456,MX Master 3 Mac,1133,45091,12,568,2,0,-127,127,,,,,,,,,,,,,,
1,33,ratchet-single-down-clean,hid,13242727497291,16142676500,4319413456,MX Master 3 Mac,1133,45091,1,56,2,-2,-127,127,,,,,,,,,,,,,,
1,34,ratchet-single-down-clean,cgevent,317825459935,0,,,,,,,,,,,1,0,0.100006,0.000000,1,0,0,0,0,0,0,0,0,0
1,35,ratchet-single-down-clean,hid,12096743804166,0,4319413456,MX Master 3 Mac,1133,45091,12,568,2,0,-127,127,,,,,,,,,,,,,,
1,36,ratchet-single-down-clean,hid,13242952289625,16367468834,4319413456,MX Master 3 Mac,1133,45091,1,56,2,-2,-127,127,,,,,,,,,,,,,,
1,37,ratchet-single-down-clean,cgevent,317830854951,0,,,,,,,,,,,1,0,0.100006,0.000000,1,0,0,0,0,0,0,0,0,0
1,38,ratchet-single-down-clean,hid,12096743804166,0,4319413456,MX Master 3 Mac,1133,45091,12,568,2,0,-127,127,,,,,,,,,,,,,,
1,39,ratchet-single-down-clean,hid,13244999910916,18415090125,4319413456,MX Master 3 Mac,1133,45091,1,56,2,-2,-127,127,,,,,,,,,,,,,,
1,40,ratchet-single-down-clean,cgevent,317879997862,0,,,,,,,,,,,1,0,0.100006,0.000000,1,0,0,0,0,0,0,0,0,0
1,41,ratchet-single-down-clean,hid,12096743804166,0,4319413456,MX Master 3 Mac,1133,45091,12,568,2,0,-127,127,,,,,,,,,,,,,,
1,42,ratchet-single-down-clean,hid,13245037654166,18452833375,4319413456,MX Master 3 Mac,1133,45091,1,56,2,-2,-127,127,,,,,,,,,,,,,,
1,43,ratchet-single-down-clean,cgevent,317880903700,0,,,,,,,,,,,2,0,2.095093,0.000000,21,0,0,0,0,0,0,0,0,0
1,44,ratchet-single-down-clean,hid,12096743804166,0,4319413456,MX Master 3 Mac,1133,45091,12,568,2,0,-127,127,,,,,,,,,,,,,,
1,45,ratchet-single-down-clean,hid,13245097317375,18512496584,4319413456,MX Master 3 Mac,1133,45091,1,56,2,-3,-127,127,,,,,,,,,,,,,,
1,46,ratchet-single-down-clean,cgevent,317882335617,0,,,,,,,,,,,6,0,6.341904,0.000000,64,0,0,0,0,0,0,0,0,0
1,47,ratchet-single-down-clean,hid,12096743804166,0,4319413456,MX Master 3 Mac,1133,45091,12,568,2,0,-127,127,,,,,,,,,,,,,,
1,48,ratchet-single-down-clean,hid,13245127396791,18542576000,4319413456,MX Master 3 Mac,1133,45091,1,56,2,-2,-127,127,,,,,,,,,,,,,,
1,49,ratchet-single-down-clean,cgevent,317883057523,0,,,,,,,,,,,8,0,8.040497,0.000000,81,0,0,0,0,0,0,0,0,0
1,50,ratchet-single-down-clean,hid,12096743804166,0,4319413456,MX Master 3 Mac,1133,45091,12,568,2,0,-127,127,,,,,,,,,,,,,,
1,51,ratchet-single-down-clean,hid,13245195062208,18610241417,4319413456,MX Master 3 Mac,1133,45091,1,56,2,-2,-127,127,,,,,,,,,,,,,,
1,52,ratchet-single-down-clean,cgevent,317884681493,0,,,,,,,,,,,8,0,8.570938,0.000000,86,0,0,0,0,0,0,0,0,0
1,53,ratchet-single-down-clean,hid,12096743804166,0,4319413456,MX Master 3 Mac,1133,45091,12,568,2,0,-127,127,,,,,,,,,,,,,,
1,54,ratchet-single-down-clean,hid,13245232420583,18647599792,4319413456,MX Master 3 Mac,1133,45091,1,56,2,-2,-127,127,,,,,,,,,,,,,,
1,55,ratchet-single-down-clean,cgevent,317885578094,0,,,,,,,,,,,9,0,9.241974,0.000000,93,0,0,0,0,0,0,0,0,0
1,56,ratchet-single-down-clean,hid,12096743804166,0,4319413456,MX Master 3 Mac,1133,45091,12,568,2,0,-127,127,,,,,,,,,,,,,,
1,57,ratchet-single-down-clean,hid,13245292525000,18707704209,4319413456,MX Master 3 Mac,1133,45091,1,56,2,-2,-127,127,,,,,,,,,,,,,,
1,58,ratchet-single-down-clean,cgevent,317887020600,0,,,,,,,,,,,9,0,9.571701,0.000000,96,0,0,0,0,0,0,0,0,0
1,59,ratchet-single-down-clean,hid,12096743804166,0,4319413456,MX Master 3 Mac,1133,45091,12,568,2,0,-127,127,,,,,,,,,,,,,,
1,60,ratchet-single-down-clean,hid,13245322649291,18737828500,4319413456,MX Master 3 Mac,1133,45091,1,56,2,-2,-127,127,,,,,,,,,,,,,,
1,61,ratchet-single-down-clean,cgevent,317887743583,0,,,,,,,,,,,9,0,9.993484,0.000000,100,0,0,0,0,0,0,0,0,0
1,62,ratchet-single-down-clean,hid,12096743804166,0,4319413456,MX Master 3 Mac,1133,45091,12,568,2,0,-127,127,,,,,,,,,,,,,,
1,63,ratchet-single-down-clean,hid,13245353626083,18768805292,4319413456,MX Master 3 Mac,1133,45091,1,56,2,-3,-127,127,,,,,,,,,,,,,,
1,64,ratchet-single-down-clean,cgevent,317888487026,0,,,,,,,,,,,10,0,10.993607,0.000000,110,0,0,0,0,0,0,0,0,0
1,65,ratchet-single-down-clean,hid,12096743804166,0,4319413456,MX Master 3 Mac,1133,45091,12,568,2,0,-127,127,,,,,,,,,,,,,,
1,66,ratchet-single-down-clean,hid,13245376767375,18791946584,4319413456,MX Master 3 Mac,1133,45091,1,56,2,-2,-127,127,,,,,,,,,,,,,,
1,67,ratchet-single-down-clean,cgevent,317889042417,0,,,,,,,,,,,11,0,11.095230,0.000000,111,0,0,0,0,0,0,0,0,0
1,68,ratchet-single-down-clean,hid,12096743804166,0,4319413456,MX Master 3 Mac,1133,45091,12,568,2,0,-127,127,,,,,,,,,,,,,,
1,69,ratchet-single-down-clean,hid,13245427626541,18842805750,4319413456,MX Master 3 Mac,1133,45091,1,56,2,-2,-127,127,,,,,,,,,,,,,,
1,70,ratchet-single-down-clean,cgevent,317890263037,0,,,,,,,,,,,10,0,10.910294,0.000000,110,0,0,0,0,0,0,0,0,0
1,71,ratchet-single-down-clean,hid,12096743804166,0,4319413456,MX Master 3 Mac,1133,45091,12,568,2,0,-127,127,,,,,,,,,,,,,,
1,72,ratchet-single-down-clean,hid,13247610186458,21025365667,4319413456,MX Master 3 Mac,1133,45091,1,56,2,-2,-127,127,,,,,,,,,,,,,,
1,73,ratchet-single-down-clean,cgevent,317942644475,0,,,,,,,,,,,1,0,0.100006,0.000000,1,0,0,0,0,0,0,0,0,0
1,74,ratchet-single-down-clean,hid,12096743804166,0,4319413456,MX Master 3 Mac,1133,45091,12,568,2,0,-127,127,,,,,,,,,,,,,,
1,75,ratchet-single-down-clean,hid,13247647467375,21062646584,4319413456,MX Master 3 Mac,1133,45091,1,56,2,-2,-127,127,,,,,,,,,,,,,,
1,76,ratchet-single-down-clean,cgevent,317943539217,0,,,,,,,,,,,2,0,2.112015,0.000000,22,0,0,0,0,0,0,0,0,0
1,77,ratchet-single-down-clean,hid,12096743804166,0,4319413456,MX Master 3 Mac,1133,45091,12,568,2,0,-127,127,,,,,,,,,,,,,,
1,78,ratchet-single-down-clean,hid,13247685290958,21100470167,4319413456,MX Master 3 Mac,1133,45091,1,56,2,-2,-127,127,,,,,,,,,,,,,,
1,79,ratchet-single-down-clean,cgevent,317944446983,0,,,,,,,,,,,6,0,6.256531,0.000000,63,0,0,0,0,0,0,0,0,0
1,80,ratchet-single-down-clean,hid,12096743804166,0,4319413456,MX Master 3 Mac,1133,45091,12,568,2,0,-127,127,,,,,,,,,,,,,,
1,81,ratchet-single-down-clean,hid,13247709268875,21124448084,4319413456,MX Master 3 Mac,1133,45091,1,56,2,-2,-127,127,,,,,,,,,,,,,,
1,82,ratchet-single-down-clean,cgevent,317945022453,0,,,,,,,,,,,8,0,8.001694,0.000000,81,0,0,0,0,0,0,0,0,0
1,83,ratchet-single-down-clean,hid,12096743804166,0,4319413456,MX Master 3 Mac,1133,45091,12,568,2,0,-127,127,,,,,,,,,,,,,,
1,84,ratchet-single-down-clean,hid,13247731968166,21147147375,4319413456,MX Master 3 Mac,1133,45091,1,56,2,-3,-127,127,,,,,,,,,,,,,,
1,85,ratchet-single-down-clean,cgevent,317945567236,0,,,,,,,,,,,9,0,9.532913,0.000000,96,0,0,0,0,0,0,0,0,0
1,86,ratchet-single-down-clean,hid,12096743804166,0,4319413456,MX Master 3 Mac,1133,45091,12,568,2,0,-127,127,,,,,,,,,,,,,,
1,87,ratchet-single-down-clean,hid,13247760002333,21175181542,4319413456,MX Master 3 Mac,1133,45091,1,56,2,-2,-127,127,,,,,,,,,,,,,,
1,88,ratchet-single-down-clean,cgevent,317946240056,0,,,,,,,,,,,10,0,10.009659,0.000000,101,0,0,0,0,0,0,0,0,0
1,89,ratchet-single-down-clean,hid,12096743804166,0,4319413456,MX Master 3 Mac,1133,45091,12,568,2,0,-127,127,,,,,,,,,,,,,,
1,90,ratchet-single-down-clean,hid,13247820034833,21235214042,4319413456,MX Master 3 Mac,1133,45091,1,56,2,-2,-127,127,,,,,,,,,,,,,,
1,91,ratchet-single-down-clean,cgevent,317947680836,0,,,,,,,,,,,10,0,10.178375,0.000000,102,0,0,0,0,0,0,0,0,0
1,92,ratchet-single-down-clean,hid,12096743804166,0,4319413456,MX Master 3 Mac,1133,45091,12,568,2,0,-127,127,,,,,,,,,,,,,,
1,93,ratchet-single-down-clean,hid,13247880042166,21295221375,4319413456,MX Master 3 Mac,1133,45091,1,56,2,-2,-127,127,,,,,,,,,,,,,,
1,94,ratchet-single-down-clean,cgevent,317949121012,0,,,,,,,,,,,10,0,10.332504,0.000000,104,0,0,0,0,0,0,0,0,0
1,95,ratchet-single-down-clean,hid,12096743804166,0,4319413456,MX Master 3 Mac,1133,45091,12,568,2,0,-127,127,,,,,,,,,,,,,,
1,96,ratchet-single-down-clean,hid,13247948609875,21363789084,4319413456,MX Master 3 Mac,1133,45091,1,56,2,-2,-127,127,,,,,,,,,,,,,,
1,97,ratchet-single-down-clean,cgevent,317950766637,0,,,,,,,,,,,10,0,10.856537,0.000000,109,0,0,0,0,0,0,0,0,0
1,98,ratchet-single-down-clean,hid,12096743804166,0,4319413456,MX Master 3 Mac,1133,45091,12,568,2,0,-127,127,,,,,,,,,,,,,,
1,99,ratchet-single-down-clean,hid,13247977684208,21392863417,4319413456,MX Master 3 Mac,1133,45091,1,56,2,-2,-127,127,,,,,,,,,,,,,,
1,100,ratchet-single-down-clean,cgevent,317951464421,0,,,,,,,,,,,10,0,10.910904,0.000000,110,0,0,0,0,0,0,0,0,0
1,101,ratchet-single-down-clean,hid,12096743804166,0,4319413456,MX Master 3 Mac,1133,45091,12,568,2,0,-127,127,,,,,,,,,,,,,,
1,102,ratchet-single-down-clean,hid,13248022800708,21437979917,4319413456,MX Master 3 Mac,1133,45091,1,56,2,-3,-127,127,,,,,,,,,,,,,,
1,103,ratchet-single-down-clean,cgevent,317952547217,0,,,,,,,,,,,11,0,11.106445,0.000000,112,0,0,0,0,0,0,0,0,0
1,104,ratchet-single-down-clean,hid,12096743804166,0,4319413456,MX Master 3 Mac,1133,45091,12,568,2,0,-127,127,,,,,,,,,,,,,,
1,105,ratchet-single-down-clean,hid,13248052774291,21467953500,4319413456,MX Master 3 Mac,1133,45091,1,56,2,-2,-127,127,,,,,,,,,,,,,,
1,106,ratchet-single-down-clean,cgevent,317953266583,0,,,,,,,,,,,11,0,11.064560,0.000000,111,0,0,0,0,0,0,0,0,0
1,107,ratchet-single-down-clean,hid,12096743804166,0,4319413456,MX Master 3 Mac,1133,45091,12,568,2,0,-127,127,,,,,,,,,,,,,,
1,108,ratchet-single-down-clean,hid,13248112537625,21527716834,4319413456,MX Master 3 Mac,1133,45091,1,56,2,-2,-127,127,,,,,,,,,,,,,,
1,109,ratchet-single-down-clean,cgevent,317954700903,0,,,,,,,,,,,10,0,10.581848,0.000000,106,0,0,0,0,0,0,0,0,0
1,110,ratchet-single-down-clean,hid,12096743804166,0,4319413456,MX Master 3 Mac,1133,45091,12,568,2,0,-127,127,,,,,,,,,,,,,,
1,111,ratchet-single-down-clean,hid,13248165008208,21580187417,4319413456,MX Master 3 Mac,1133,45091,1,56,2,-2,-127,127,,,,,,,,,,,,,,
1,112,ratchet-single-down-clean,cgevent,317955960197,0,,,,,,,,,,,10,0,10.425995,0.000000,105,0,0,0,0,0,0,0,0,0
1,113,ratchet-single-down-clean,hid,12096743804166,0,4319413456,MX Master 3 Mac,1133,45091,12,568,2,0,-127,127,,,,,,,,,,,,,,
1,114,ratchet-single-down-clean,hid,13249890049791,23305229000,4319413456,MX Master 3 Mac,1133,45091,1,56,2,-2,-127,127,,,,,,,,,,,,,,
1,115,ratchet-single-down-clean,cgevent,317997361195,0,,,,,,,,,,,1,0,0.100006,0.000000,1,0,0,0,0,0,0,0,0,0
1,116,ratchet-single-down-clean,hid,12096743804166,0,4319413456,MX Master 3 Mac,1133,45091,12,568,2,0,-127,127,,,,,,,,,,,,,,
1,117,ratchet-single-down-clean,hid,13249920273250,23335452459,4319413456,MX Master 3 Mac,1133,45091,1,56,2,-2,-127,127,,,,,,,,,,,,,,
1,118,ratchet-single-down-clean,cgevent,317998086558,0,,,,,,,,,,,2,0,2.373642,0.000000,24,0,0,0,0,0,0,0,0,0
1,119,ratchet-single-down-clean,hid,12096743804166,0,4319413456,MX Master 3 Mac,1133,45091,12,568,2,0,-127,127,,,,,,,,,,,,,,
1,120,ratchet-single-down-clean,hid,13249957847750,23373026959,4319413456,MX Master 3 Mac,1133,45091,1,56,2,-3,-127,127,,,,,,,,,,,,,,
1,121,ratchet-single-down-clean,cgevent,317998988346,0,,,,,,,,,,,7,0,7.156769,0.000000,72,0,0,0,0,0,0,0,0,0
1,122,ratchet-single-down-clean,hid,12096743804166,0,4319413456,MX Master 3 Mac,1133,45091,12,568,2,0,-127,127,,,,,,,,,,,,,,
1,123,ratchet-single-down-clean,hid,13249982044000,23397223209,4319413456,MX Master 3 Mac,1133,45091,1,56,2,-2,-127,127,,,,,,,,,,,,,,
1,124,ratchet-single-down-clean,cgevent,317999569056,0,,,,,,,,,,,8,0,8.742798,0.000000,88,0,0,0,0,0,0,0,0,0
1,125,ratchet-single-down-clean,hid,12096743804166,0,4319413456,MX Master 3 Mac,1133,45091,12,568,2,0,-127,127,,,,,,,,,,,,,,
1,126,ratchet-single-down-clean,hid,13250004214750,23419393959,4319413456,MX Master 3 Mac,1133,45091,1,56,2,-2,-127,127,,,,,,,,,,,,,,
1,127,ratchet-single-down-clean,cgevent,318000101154,0,,,,,,,,,,,9,0,9.603119,0.000000,97,0,0,0,0,0,0,0,0,0
1,128,ratchet-single-down-clean,hid,12096743804166,0,4319413456,MX Master 3 Mac,1133,45091,12,568,2,0,-127,127,,,,,,,,,,,,,,
1,129,ratchet-single-down-clean,hid,13250027119958,23442299167,4319413456,MX Master 3 Mac,1133,45091,1,56,2,-2,-127,127,,,,,,,,,,,,,,
1,130,ratchet-single-down-clean,cgevent,318000650879,0,,,,,,,,,,,10,0,10.117233,0.000000,102,0,0,0,0,0,0,0,0,0
1,131,ratchet-single-down-clean,hid,12096743804166,0,4319413456,MX Master 3 Mac,1133,45091,12,568,2,0,-127,127,,,,,,,,,,,,,,
1,132,ratchet-single-down-clean,hid,13250049032375,23464211584,4319413456,MX Master 3 Mac,1133,45091,1,56,2,-3,-127,127,,,,,,,,,,,,,,
1,133,ratchet-single-down-clean,cgevent,318001176777,0,,,,,,,,,,,10,0,10.784790,0.000000,108,0,0,0,0,0,0,0,0,0
1,134,ratchet-single-down-clean,hid,12096743804166,0,4319413456,MX Master 3 Mac,1133,45091,12,568,2,0,-127,127,,,,,,,,,,,,,,
1,135,ratchet-single-down-clean,hid,13250077571708,23492750917,4319413456,MX Master 3 Mac,1133,45091,1,56,2,-2,-127,127,,,,,,,,,,,,,,
1,136,ratchet-single-down-clean,cgevent,318001861721,0,,,,,,,,,,,11,0,11.106369,0.000000,112,0,0,0,0,0,0,0,0,0
1,137,ratchet-single-down-clean,hid,12096743804166,0,4319413456,MX Master 3 Mac,1133,45091,12,568,2,0,-127,127,,,,,,,,,,,,,,
1,138,ratchet-single-down-clean,hid,13250107830333,23523009542,4319413456,MX Master 3 Mac,1133,45091,1,56,2,-3,-127,127,,,,,,,,,,,,,,
1,139,ratchet-single-down-clean,cgevent,318002587928,0,,,,,,,,,,,12,0,12.268555,0.000000,123,0,0,0,0,0,0,0,0,0
1,140,ratchet-single-down-clean,hid,12096743804166,0,4319413456,MX Master 3 Mac,1133,45091,12,568,2,0,-127,127,,,,,,,,,,,,,,
1,141,ratchet-single-down-clean,hid,13250131872875,23547052084,4319413456,MX Master 3 Mac,1133,45091,1,56,2,-2,-127,127,,,,,,,,,,,,,,
1,142,ratchet-single-down-clean,cgevent,318003164949,0,,,,,,,,,,,12,0,12.317780,0.000000,124,0,0,0,0,0,0,0,0,0
1,143,ratchet-single-down-clean,hid,12096743804166,0,4319413456,MX Master 3 Mac,1133,45091,12,568,2,0,-127,127,,,,,,,,,,,,,,
1,144,ratchet-single-down-clean,hid,13250167343916,23582523125,4319413456,MX Master 3 Mac,1133,45091,1,56,2,-2,-127,127,,,,,,,,,,,,,,
1,145,ratchet-single-down-clean,cgevent,318004016254,0,,,,,,,,,,,12,0,12.038910,0.000000,121,0,0,0,0,0,0,0,0,0
1,146,ratchet-single-down-clean,hid,12096743804166,0,4319413456,MX Master 3 Mac,1133,45091,12,568,2,0,-127,127,,,,,,,,,,,,,,
1,147,ratchet-single-down-clean,hid,13250191910083,23607089292,4319413456,MX Master 3 Mac,1133,45091,1,56,2,-2,-127,127,,,,,,,,,,,,,,
1,148,ratchet-single-down-clean,cgevent,318004605842,0,,,,,,,,,,,12,0,12.036102,0.000000,121,0,0,0,0,0,0,0,0,0
1,149,ratchet-single-down-clean,hid,12096743804166,0,4319413456,MX Master 3 Mac,1133,45091,12,568,2,0,-127,127,,,,,,,,,,,,,,
1,150,ratchet-single-down-clean,hid,13250207132041,23622311250,4319413456,MX Master 3 Mac,1133,45091,1,56,2,-2,-127,127,,,,,,,,,,,,,,
1,151,ratchet-single-down-clean,cgevent,318004971169,0,,,,,,,,,,,12,0,12.088791,0.000000,121,0,0,0,0,0,0,0,0,0
1,152,ratchet-single-down-clean,hid,12096743804166,0,4319413456,MX Master 3 Mac,1133,45091,12,568,2,0,-127,127,,,,,,,,,,,,,,
1,153,ratchet-single-down-clean,hid,13250229094250,23644273459,4319413456,MX Master 3 Mac,1133,45091,1,56,2,-3,-127,127,,,,,,,,,,,,,,
1,154,ratchet-single-down-clean,cgevent,318005498262,0,,,,,,,,,,,12,0,12.394806,0.000000,124,0,0,0,0,0,0,0,0,0
1,155,ratchet-single-down-clean,hid,12096743804166,0,4319413456,MX Master 3 Mac,1133,45091,12,568,2,0,-127,127,,,,,,,,,,,,,,
1,156,ratchet-single-down-clean,hid,13250265107625,23680286834,4319413456,MX Master 3 Mac,1133,45091,1,56,2,-2,-127,127,,,,,,,,,,,,,,
1,157,ratchet-single-down-clean,cgevent,318006362583,0,,,,,,,,,,,11,0,11.989197,0.000000,120,0,0,0,0,0,0,0,0,0
1,158,ratchet-single-down-clean,hid,12096743804166,0,4319413456,MX Master 3 Mac,1133,45091,12,568,2,0,-127,127,,,,,,,,,,,,,,
1,159,ratchet-single-down-clean,hid,13250310119166,23725298375,4319413456,MX Master 3 Mac,1133,45091,1,56,2,-2,-127,127,,,,,,,,,,,,,,
1,160,ratchet-single-down-clean,cgevent,318007442860,0,,,,,,,,,,,11,0,11.865616,0.000000,119,0,0,0,0,0,0,0,0,0
1,161,ratchet-single-down-clean,hid,12096743804166,0,4319413456,MX Master 3 Mac,1133,45091,12,568,2,0,-127,127,,,,,,,,,,,,,,
1,162,ratchet-single-down-clean,hid,13250340254750,23755433959,4319413456,MX Master 3 Mac,1133,45091,1,56,2,-2,-127,127,,,,,,,,,,,,,,
1,163,ratchet-single-down-clean,cgevent,318008166114,0,,,,,,,,,,,11,0,11.580429,0.000000,116,0,0,0,0,0,0,0,0,0
1,164,ratchet-single-down-clean,hid,12096743804166,0,4319413456,MX Master 3 Mac,1133,45091,12,568,2,0,-127,127,,,,,,,,,,,,,,
1,165,ratchet-single-down-clean,hid,13250370281958,23785461167,4319413456,MX Master 3 Mac,1133,45091,1,56,2,-2,-127,127,,,,,,,,,,,,,,
1,166,ratchet-single-down-clean,cgevent,318008886767,0,,,,,,,,,,,11,0,11.538315,0.000000,116,0,0,0,0,0,0,0,0,0
1,167,ratchet-single-down-clean,hid,12096743804166,0,4319413456,MX Master 3 Mac,1133,45091,12,568,2,0,-127,127,,,,,,,,,,,,,,
1,168,ratchet-single-down-clean,hid,13250422830708,23838009917,4319413456,MX Master 3 Mac,1133,45091,1,56,2,-2,-127,127,,,,,,,,,,,,,,
1,169,ratchet-single-down-clean,cgevent,318010147937,0,,,,,,,,,,,11,0,11.418915,0.000000,115,0,0,0,0,0,0,0,0,0
1,170,ratchet-single-down-clean,hid,12096743804166,0,4319413456,MX Master 3 Mac,1133,45091,12,568,2,0,-127,127,,,,,,,,,,,,,,
1,171,ratchet-single-down-clean,hid,13250467371958,23882551167,4319413456,MX Master 3 Mac,1133,45091,1,56,2,-3,-127,127,,,,,,,,,,,,,,
1,172,ratchet-single-down-clean,cgevent,318011216927,0,,,,,,,,,,,11,0,11.549301,0.000000,116,0,0,0,0,0,0,0,0,0
1,173,ratchet-single-down-clean,hid,12096743804166,0,4319413456,MX Master 3 Mac,1133,45091,12,568,2,0,-127,127,,,,,,,,,,,,,,
1,174,ratchet-single-down-clean,hid,13250512592458,23927771667,4319413456,MX Master 3 Mac,1133,45091,1,56,2,-2,-127,127,,,,,,,,,,,,,,
1,175,ratchet-single-down-clean,cgevent,318012302219,0,,,,,,,,,,,11,0,11.333054,0.000000,114,0,0,0,0,0,0,0,0,0
1,176,ratchet-single-down-clean,hid,12096743804166,0,4319413456,MX Master 3 Mac,1133,45091,12,568,2,0,-127,127,,,,,,,,,,,,,,
1,177,ratchet-single-down-clean,hid,13250662593583,24077772792,4319413456,MX Master 3 Mac,1133,45091,1,56,2,-2,-127,127,,,,,,,,,,,,,,
1,178,ratchet-single-down-clean,cgevent,318015902246,0,,,,,,,,,,,1,0,0.100006,0.000000,1,0,0,0,0,0,0,0,0,0
1,179,ratchet-single-down-clean,hid,12096743804166,0,4319413456,MX Master 3 Mac,1133,45091,12,568,2,0,-127,127,,,,,,,,,,,,,,
1,180,ratchet-single-down-clean,hid,13250737720916,24152900125,4319413456,MX Master 3 Mac,1133,45091,1,56,2,-2,-127,127,,,,,,,,,,,,,,
1,181,ratchet-single-down-clean,cgevent,318017705302,0,,,,,,,,,,,1,0,0.985001,0.000000,10,0,0,0,0,0,0,0,0,0
1,182,ratchet-single-down-clean,hid,12096743804166,0,4319413456,MX Master 3 Mac,1133,45091,12,568,2,0,-127,127,,,,,,,,,,,,,,
1,183,ratchet-single-down-clean,hid,13252289940083,25705119292,4319413456,MX Master 3 Mac,1133,45091,1,56,2,-2,-127,127,,,,,,,,,,,,,,
1,184,ratchet-single-down-clean,cgevent,318054958562,0,,,,,,,,,,,1,0,0.100006,0.000000,1,0,0,0,0,0,0,0,0,0
1,185,ratchet-single-down-clean,hid,12096743804166,0,4319413456,MX Master 3 Mac,1133,45091,12,568,2,0,-127,127,,,,,,,,,,,,,,
1,186,ratchet-single-down-clean,hid,13252314456708,25729635917,4319413456,MX Master 3 Mac,1133,45091,1,56,2,-3,-127,127,,,,,,,,,,,,,,
1,187,ratchet-single-down-clean,cgevent,318055546961,0,,,,,,,,,,,3,0,3.544647,0.000000,36,0,0,0,0,0,0,0,0,0
1,188,ratchet-single-down-clean,hid,12096743804166,0,4319413456,MX Master 3 Mac,1133,45091,12,568,2,0,-127,127,,,,,,,,,,,,,,
1,189,ratchet-single-down-clean,hid,13252329373916,25744553125,4319413456,MX Master 3 Mac,1133,45091,1,56,2,-2,-127,127,,,,,,,,,,,,,,
1,190,ratchet-single-down-clean,cgevent,318055904974,0,,,,,,,,,,,7,0,7.984161,0.000000,80,0,0,0,0,0,0,0,0,0
1,191,ratchet-single-down-clean,hid,12096743804166,0,4319413456,MX Master 3 Mac,1133,45091,12,568,2,0,-127,127,,,,,,,,,,,,,,
1,192,ratchet-single-down-clean,hid,13252351532000,25766711209,4319413456,MX Master 3 Mac,1133,45091,1,56,2,-2,-127,127,,,,,,,,,,,,,,
1,193,ratchet-single-down-clean,cgevent,318056436768,0,,,,,,,,,,,9,0,9.212326,0.000000,93,0,0,0,0,0,0,0,0,0
1,194,ratchet-single-down-clean,hid,12096743804166,0,4319413456,MX Master 3 Mac,1133,45091,12,568,2,0,-127,127,,,,,,,,,,,,,,
1,195,ratchet-single-down-clean,hid,13252367474500,25782653709,4319413456,MX Master 3 Mac,1133,45091,1,56,2,-2,-127,127,,,,,,,,,,,,,,
1,196,ratchet-single-down-clean,cgevent,318056819388,0,,,,,,,,,,,9,0,9.948807,0.000000,100,0,0,0,0,0,0,0,0,0
1,197,ratchet-single-down-clean,hid,12096743804166,0,4319413456,MX Master 3 Mac,1133,45091,12,568,2,0,-127,127,,,,,,,,,,,,,,
1,198,ratchet-single-down-clean,hid,13252381611625,25796790834,4319413456,MX Master 3 Mac,1133,45091,1,56,2,-2,-127,127,,,,,,,,,,,,,,
1,199,ratchet-single-down-clean,cgevent,318057158679,0,,,,,,,,,,,10,0,10.467178,0.000000,105,0,0,0,0,0,0,0,0,0
1,200,ratchet-single-down-clean,hid,12096743804166,0,4319413456,MX Master 3 Mac,1133,45091,12,568,2,0,-127,127,,,,,,,,,,,,,,
1,201,ratchet-single-down-clean,hid,13252396306416,25811485625,4319413456,MX Master 3 Mac,1133,45091,1,56,2,-2,-127,127,,,,,,,,,,,,,,
1,202,ratchet-single-down-clean,cgevent,318057511354,0,,,,,,,,,,,10,0,10.908936,0.000000,110,0,0,0,0,0,0,0,0,0
1,203,ratchet-single-down-clean,hid,12096743804166,0,4319413456,MX Master 3 Mac,1133,45091,12,568,2,0,-127,127,,,,,,,,,,,,,,
1,204,ratchet-single-down-clean,hid,13252411662083,25826841292,4319413456,MX Master 3 Mac,1133,45091,1,56,2,-2,-127,127,,,,,,,,,,,,,,
1,205,ratchet-single-down-clean,cgevent,318057879890,0,,,,,,,,,,,11,0,11.306549,0.000000,114,0,0,0,0,0,0,0,0,0
1,206,ratchet-single-down-clean,hid,12096743804166,0,4319413456,MX Master 3 Mac,1133,45091,12,568,2,0,-127,127,,,,,,,,,,,,,,
1,207,ratchet-single-down-clean,hid,13252434468791,25849648000,4319413456,MX Master 3 Mac,1133,45091,1,56,2,-3,-127,127,,,,,,,,,,,,,,
1,208,ratchet-single-down-clean,cgevent,318058427251,0,,,,,,,,,,,12,0,12.540024,0.000000,126,0,0,0,0,0,0,0,0,0
1,209,ratchet-single-down-clean,hid,12096743804166,0,4319413456,MX Master 3 Mac,1133,45091,12,568,2,0,-127,127,,,,,,,,,,,,,,
1,210,ratchet-single-down-clean,hid,13252462709375,25877888584,4319413456,MX Master 3 Mac,1133,45091,1,56,2,-2,-127,127,,,,,,,,,,,,,,
1,211,ratchet-single-down-clean,cgevent,318059105025,0,,,,,,,,,,,12,0,12.188904,0.000000,122,0,0,0,0,0,0,0,0,0
1,212,ratchet-single-down-clean,hid,12096743804166,0,4319413456,MX Master 3 Mac,1133,45091,12,568,2,0,-127,127,,,,,,,,,,,,,,
1,213,ratchet-single-down-clean,hid,13252486465125,25901644334,4319413456,MX Master 3 Mac,1133,45091,1,56,2,-3,-127,127,,,,,,,,,,,,,,
1,214,ratchet-single-down-clean,cgevent,318059675163,0,,,,,,,,,,,12,0,12.441666,0.000000,125,0,0,0,0,0,0,0,0,0
1,215,ratchet-single-down-clean,hid,12096743804166,0,4319413456,MX Master 3 Mac,1133,45091,12,568,2,0,-127,127,,,,,,,,,,,,,,
1,216,ratchet-single-down-clean,hid,13252509539166,25924718375,4319413456,MX Master 3 Mac,1133,45091,1,56,2,-2,-127,127,,,,,,,,,,,,,,
1,217,ratchet-single-down-clean,cgevent,318060228940,0,,,,,,,,,,,12,0,12.434525,0.000000,125,0,0,0,0,0,0,0,0,0
1,218,ratchet-single-down-clean,hid,12096743804166,0,4319413456,MX Master 3 Mac,1133,45091,12,568,2,0,-127,127,,,,,,,,,,,,,,
1,219,ratchet-single-down-clean,hid,13252532284333,25947463542,4319413456,MX Master 3 Mac,1133,45091,1,56,2,-3,-127,127,,,,,,,,,,,,,,
1,220,ratchet-single-down-clean,cgevent,318060774824,0,,,,,,,,,,,12,0,12.696289,0.000000,127,0,0,0,0,0,0,0,0,0
1,221,ratchet-single-down-clean,hid,12096743804166,0,4319413456,MX Master 3 Mac,1133,45091,12,568,2,0,-127,127,,,,,,,,,,,,,,
1,222,ratchet-single-down-clean,hid,13252560012416,25975191625,4319413456,MX Master 3 Mac,1133,45091,1,56,2,-2,-127,127,,,,,,,,,,,,,,
1,223,ratchet-single-down-clean,cgevent,318061440298,0,,,,,,,,,,,12,0,12.585281,0.000000,126,0,0,0,0,0,0,0,0,0
1,224,ratchet-single-down-clean,hid,12096743804166,0,4319413456,MX Master 3 Mac,1133,45091,12,568,2,0,-127,127,,,,,,,,,,,,,,
1,225,ratchet-single-down-clean,hid,13252584481000,25999660209,4319413456,MX Master 3 Mac,1133,45091,1,56,2,-2,-127,127,,,,,,,,,,,,,,
1,226,ratchet-single-down-clean,cgevent,318062027544,0,,,,,,,,,,,12,0,12.505981,0.000000,126,0,0,0,0,0,0,0,0,0
1,227,ratchet-single-down-clean,hid,12096743804166,0,4319413456,MX Master 3 Mac,1133,45091,12,568,2,0,-127,127,,,,,,,,,,,,,,
1,228,ratchet-single-down-clean,hid,13252606406208,26021585417,4319413456,MX Master 3 Mac,1133,45091,1,56,2,-2,-127,127,,,,,,,,,,,,,,
1,229,ratchet-single-down-clean,cgevent,318062553749,0,,,,,,,,,,,12,0,12.452942,0.000000,125,0,0,0,0,0,0,0,0,0
1,230,ratchet-single-down-clean,hid,12096743804166,0,4319413456,MX Master 3 Mac,1133,45091,12,568,2,0,-127,127,,,,,,,,,,,,,,
1,231,ratchet-single-down-clean,hid,13252635353208,26050532417,4319413456,MX Master 3 Mac,1133,45091,1,56,2,-2,-127,127,,,,,,,,,,,,,,
1,232,ratchet-single-down-clean,cgevent,318063248477,0,,,,,,,,,,,12,0,12.104248,0.000000,122,0,0,0,0,0,0,0,0,0
1,233,ratchet-single-down-clean,hid,12096743804166,0,4319413456,MX Master 3 Mac,1133,45091,12,568,2,0,-127,127,,,,,,,,,,,,,,
1,234,ratchet-single-down-clean,hid,13252651226958,26066406167,4319413456,MX Master 3 Mac,1133,45091,1,56,2,-2,-127,127,,,,,,,,,,,,,,
1,235,ratchet-single-down-clean,cgevent,318063629447,0,,,,,,,,,,,12,0,12.198669,0.000000,122,0,0,0,0,0,0,0,0,0
1,236,ratchet-single-down-clean,hid,12096743804166,0,4319413456,MX Master 3 Mac,1133,45091,12,568,2,0,-127,127,,,,,,,,,,,,,,
1,237,ratchet-single-down-clean,hid,13252687664250,26102843459,4319413456,MX Master 3 Mac,1133,45091,1,56,2,-3,-127,127,,,,,,,,,,,,,,
1,238,ratchet-single-down-clean,cgevent,318064503942,0,,,,,,,,,,,12,0,12.101852,0.000000,122,0,0,0,0,0,0,0,0,0
1,239,ratchet-single-down-clean,hid,12096743804166,0,4319413456,MX Master 3 Mac,1133,45091,12,568,2,0,-127,127,,,,,,,,,,,,,,
1,240,ratchet-single-down-clean,hid,13252725138250,26140317459,4319413456,MX Master 3 Mac,1133,45091,1,56,2,-2,-127,127,,,,,,,,,,,,,,
1,241,ratchet-single-down-clean,cgevent,318065403318,0,,,,,,,,,,,11,0,11.992798,0.000000,120,0,0,0,0,0,0,0,0,0
1,242,ratchet-single-down-clean,hid,12096743804166,0,4319413456,MX Master 3 Mac,1133,45091,12,568,2,0,-127,127,,,,,,,,,,,,,,
1,243,ratchet-single-down-clean,hid,13252755272250,26170451459,4319413456,MX Master 3 Mac,1133,45091,1,56,2,-2,-127,127,,,,,,,,,,,,,,
1,244,ratchet-single-down-clean,cgevent,318066126534,0,,,,,,,,,,,11,0,11.647171,0.000000,117,0,0,0,0,0,0,0,0,0
1,245,ratchet-single-down-clean,hid,12096743804166,0,4319413456,MX Master 3 Mac,1133,45091,12,568,2,0,-127,127,,,,,,,,,,,,,,
1,246,ratchet-single-down-clean,hid,13252785181375,26200360584,4319413456,MX Master 3 Mac,1133,45091,1,56,2,-2,-127,127,,,,,,,,,,,,,,
1,247,ratchet-single-down-clean,cgevent,318066844353,0,,,,,,,,,,,11,0,11.631714,0.000000,117,0,0,0,0,0,0,0,0,0
1,248,ratchet-single-down-clean,hid,12096743804166,0,4319413456,MX Master 3 Mac,1133,45091,12,568,2,0,-127,127,,,,,,,,,,,,,,
1,249,ratchet-single-down-clean,hid,13252809681791,26224861000,4319413456,MX Master 3 Mac,1133,45091,1,56,2,-2,-127,127,,,,,,,,,,,,,,
1,250,ratchet-single-down-clean,cgevent,318067432363,0,,,,,,,,,,,11,0,11.631485,0.000000,117,0,0,0,0,0,0,0,0,0
1,251,ratchet-single-down-clean,hid,12096743804166,0,4319413456,MX Master 3 Mac,1133,45091,12,568,2,0,-127,127,,,,,,,,,,,,,,
1,252,ratchet-single-down-clean,hid,13252831654500,26246833709,4319413456,MX Master 3 Mac,1133,45091,1,56,2,-3,-127,127,,,,,,,,,,,,,,
1,253,ratchet-single-down-clean,cgevent,318067959708,0,,,,,,,,,,,11,0,11.920227,0.000000,120,0,0,0,0,0,0,0,0,0
1,254,ratchet-single-down-clean,hid,12096743804166,0,4319413456,MX Master 3 Mac,1133,45091,12,568,2,0,-127,127,,,,,,,,,,,,,,
1,255,ratchet-single-down-clean,hid,13252867831375,26283010584,4319413456,MX Master 3 Mac,1133,45091,1,56,2,-2,-127,127,,,,,,,,,,,,,,
1,256,ratchet-single-down-clean,cgevent,318068827953,0,,,,,,,,,,,11,0,11.866135,0.000000,119,0,0,0,0,0,0,0,0,0
1,257,ratchet-single-down-clean,hid,12096743804166,0,4319413456,MX Master 3 Mac,1133,45091,12,568,2,0,-127,127,,,,,,,,,,,,,,
1,258,ratchet-single-down-clean,hid,13252906750791,26321930000,4319413456,MX Master 3 Mac,1133,45091,1,56,2,-2,-127,127,,,,,,,,,,,,,,
1,259,ratchet-single-down-clean,cgevent,318069762019,0,,,,,,,,,,,11,0,11.695236,0.000000,117,0,0,0,0,0,0,0,0,0
1,260,ratchet-single-down-clean,hid,12096743804166,0,4319413456,MX Master 3 Mac,1133,45091,12,568,2,0,-127,127,,,,,,,,,,,,,,
1,261,ratchet-single-down-clean,hid,13252957800875,26372980084,4319413456,MX Master 3 Mac,1133,45091,1,56,2,-2,-127,127,,,,,,,,,,,,,,
1,262,ratchet-single-down-clean,cgevent,318070987221,0,,,,,,,,,,,11,0,11.317474,0.000000,114,0,0,0,0,0,0,0,0,0
1,263,ratchet-single-down-clean,hid,12096743804166,0,4319413456,MX Master 3 Mac,1133,45091,12,568,2,0,-127,127,,,,,,,,,,,,,,
1,264,ratchet-single-down-clean,hid,13253002600041,26417779250,4319413456,MX Master 3 Mac,1133,45091,1,56,2,-2,-127,127,,,,,,,,,,,,,,
1,265,ratchet-single-down-clean,cgevent,318072062401,0,,,,,,,,,,,11,0,11.267090,0.000000,113,0,0,0,0,0,0,0,0,0
1,266,ratchet-single-down-clean,hid,12096743804166,0,4319413456,MX Master 3 Mac,1133,45091,12,568,2,0,-127,127,,,,,,,,,,,,,,
1,267,ratchet-single-down-clean,hid,13253040371458,26455550667,4319413456,MX Master 3 Mac,1133,45091,1,56,2,-2,-127,127,,,,,,,,,,,,,,
1,268,ratchet-single-down-clean,cgevent,318072968915,0,,,,,,,,,,,11,0,11.214798,0.000000,113,0,0,0,0,0,0,0,0,0
1,269,ratchet-single-down-clean,hid,12096743804166,0,4319413456,MX Master 3 Mac,1133,45091,12,568,2,0,-127,127,,,,,,,,,,,,,,
1,270,ratchet-single-down-clean,hid,13253077785583,26492964792,4319413456,MX Master 3 Mac,1133,45091,1,56,2,-2,-127,127,,,,,,,,,,,,,,
1,271,ratchet-single-down-clean,cgevent,318073866854,0,,,,,,,,,,,11,0,11.163666,0.000000,112,0,0,0,0,0,0,0,0,0
1,272,ratchet-single-down-clean,hid,12096743804166,0,4319413456,MX Master 3 Mac,1133,45091,12,568,2,0,-127,127,,,,,,,,,,,,,,
1,273,ratchet-single-down-clean,hid,13253160757333,26575936542,4319413456,MX Master 3 Mac,1133,45091,1,56,2,-2,-127,127,,,,,,,,,,,,,,
1,274,ratchet-single-down-clean,cgevent,318075858176,0,,,,,,,,,,,10,0,10.773300,0.000000,108,0,0,0,0,0,0,0,0,0
1,275,ratchet-single-down-clean,hid,12096743804166,0,4319413456,MX Master 3 Mac,1133,45091,12,568,2,0,-127,127,,,,,,,,,,,,,,
1,276,ratchet-single-down-clean,hid,13254240309875,27655489084,4319413456,MX Master 3 Mac,1133,45091,1,56,2,-2,-127,127,,,,,,,,,,,,,,
1,277,ratchet-single-down-clean,cgevent,318101767437,0,,,,,,,,,,,1,0,0.100006,0.000000,1,0,0,0,0,0,0,0,0,0
1,278,ratchet-single-down-clean,hid,12096743804166,0,4319413456,MX Master 3 Mac,1133,45091,12,568,2,0,-127,127,,,,,,,,,,,,,,
1,279,ratchet-single-down-clean,hid,13254264645416,27679824625,4319413456,MX Master 3 Mac,1133,45091,1,56,2,-2,-127,127,,,,,,,,,,,,,,
1,280,ratchet-single-down-clean,cgevent,318102351490,0,,,,,,,,,,,2,0,2.596710,0.000000,26,0,0,0,0,0,0,0,0,0
1,281,ratchet-single-down-clean,hid,12096743804166,0,4319413456,MX Master 3 Mac,1133,45091,12,568,2,0,-127,127,,,,,,,,,,,,,,
1,282,ratchet-single-down-clean,hid,13254292863958,27708043167,4319413456,MX Master 3 Mac,1133,45091,1,56,2,-2,-127,127,,,,,,,,,,,,,,
1,283,ratchet-single-down-clean,cgevent,318103028735,0,,,,,,,,,,,6,0,6.809128,0.000000,69,0,0,0,0,0,0,0,0,0
1,284,ratchet-single-down-clean,hid,12096743804166,0,4319413456,MX Master 3 Mac,1133,45091,12,568,2,0,-127,127,,,,,,,,,,,,,,
1,285,ratchet-single-down-clean,hid,13254316650375,27731829584,4319413456,MX Master 3 Mac,1133,45091,1,56,2,-2,-127,127,,,,,,,,,,,,,,
1,286,ratchet-single-down-clean,cgevent,318103599609,0,,,,,,,,,,,8,0,8.503906,0.000000,86,0,0,0,0,0,0,0,0,0
1,287,ratchet-single-down-clean,hid,12096743804166,0,4319413456,MX Master 3 Mac,1133,45091,12,568,2,0,-127,127,,,,,,,,,,,,,,
1,288,ratchet-single-down-clean,hid,13254339802375,27754981584,4319413456,MX Master 3 Mac,1133,45091,1,56,2,-2,-127,127,,,,,,,,,,,,,,
1,289,ratchet-single-down-clean,cgevent,318104155257,0,,,,,,,,,,,9,0,9.373749,0.000000,94,0,0,0,0,0,0,0,0,0
1,290,ratchet-single-down-clean,hid,12096743804166,0,4319413456,MX Master 3 Mac,1133,45091,12,568,2,0,-127,127,,,,,,,,,,,,,,
1,291,ratchet-single-down-clean,hid,13254361800916,27776980125,4319413456,MX Master 3 Mac,1133,45091,1,56,2,-3,-127,127,,,,,,,,,,,,,,
1,292,ratchet-single-down-clean,cgevent,318104683222,0,,,,,,,,,,,10,0,10.235794,0.000000,103,0,0,0,0,0,0,0,0,0
1,293,ratchet-single-down-clean,hid,12096743804166,0,4319413456,MX Master 3 Mac,1133,45091,12,568,2,0,-127,127,,,,,,,,,,,,,,
1,294,ratchet-single-down-clean,hid,13254384643166,27799822375,4319413456,MX Master 3 Mac,1133,45091,1,56,2,-2,-127,127,,,,,,,,,,,,,,
1,295,ratchet-single-down-clean,cgevent,318105231436,0,,,,,,,,,,,10,0,10.634460,0.000000,107,0,0,0,0,0,0,0,0,0
1,296,ratchet-single-down-clean,hid,12096743804166,0,4319413456,MX Master 3 Mac,1133,45091,12,568,2,0,-127,127,,,,,,,,,,,,,,
1,297,ratchet-single-down-clean,hid,13254421641458,27836820667,4319413456,MX Master 3 Mac,1133,45091,1,56,2,-2,-127,127,,,,,,,,,,,,,,
1,298,ratchet-single-down-clean,cgevent,318106119395,0,,,,,,,,,,,10,0,10.903503,0.000000,110,0,0,0,0,0,0,0,0,0
1,299,ratchet-single-down-clean,hid,12096743804166,0,4319413456,MX Master 3 Mac,1133,45091,12,568,2,0,-127,127,,,,,,,,,,,,,,
1,300,ratchet-single-down-clean,hid,13254450018541,27865197750,4319413456,MX Master 3 Mac,1133,45091,1,56,2,-2,-127,127,,,,,,,,,,,,,,
1,301,ratchet-single-down-clean,cgevent,318106800445,0,,,,,,,,,,,11,0,11.741714,0.000000,118,0,0,0,0,0,0,0,0,0
1,302,ratchet-single-down-clean,hid,12096743804166,0,4319413456,MX Master 3 Mac,1133,45091,12,568,2,0,-127,127,,,,,,,,,,,,,,
1,303,ratchet-single-down-clean,hid,13254480247833,27895427042,4319413456,MX Master 3 Mac,1133,45091,1,56,2,-3,-127,127,,,,,,,,,,,,,,
1,304,ratchet-single-down-clean,cgevent,318107525948,0,,,,,,,,,,,11,0,11.992767,0.000000,120,0,0,0,0,0,0,0,0,0
1,305,ratchet-single-down-clean,hid,12096743804166,0,4319413456,MX Master 3 Mac,1133,45091,12,568,2,0,-127,127,,,,,,,,,,,,,,
1,306,ratchet-single-down-clean,hid,13254517695875,27932875084,4319413456,MX Master 3 Mac,1133,45091,1,56,2,-2,-127,127,,,,,,,,,,,,,,
1,307,ratchet-single-down-clean,cgevent,318108424701,0,,,,,,,,,,,11,0,11.923355,0.000000,120,0,0,0,0,0,0,0,0,0
